judet,an,nivel_educatie,numar_someri
ALBA,2019,fara_studii,632
ARAD,2019,fara_studii,377
ARGES,2019,fara_studii,692
BACAU,2019,fara_studii,1664
BIHOR,2019,fara_studii,520
BISTRITA,2019,fara_studii,183
BOTOSANI,2019,fara_studii,155
BRAILA,2019,fara_studii,721
BRASOV,2019,fara_studii,1079
BUZAU,2019,fara_studii,2229
CALARASI,2019,fara_studii,377
CARAS,2019,fara_studii,549
CLUJ,2019,fara_studii,934
CONSTANTA,2019,fara_studii,1016
COVASNA,2019,fara_studii,438
DAMBOVITA,2019,fara_studii,671
DOLJ,2019,fara_studii,853
GALATI,2019,fara_studii,1428
GIURGIU,2019,fara_studii,235
GORJ,2019,fara_studii,297
HARGHITA,2019,fara_studii,1195
HUNEDOARA,2019,fara_studii,514
IALOMITA,2019,fara_studii,398
IASI,2019,fara_studii,630
ILFOV,2019,fara_studii,109
MARAMURES,2019,fara_studii,150
MEHEDINTI,2019,fara_studii,0
MUN. BUC.,2019,fara_studii,26
MURES,2019,fara_studii,1057
NEAMT,2019,fara_studii,1117
OLT,2019,fara_studii,1794
PRAHOVA,2019,fara_studii,627
SALAJ,2019,fara_studii,605
SATU M.,2019,fara_studii,376
SIBIU,2019,fara_studii,423
SUCEAVA,2019,fara_studii,684
TELEORMAN,2019,fara_studii,424
TIMIS,2019,fara_studii,386
TULCEA,2019,fara_studii,0
VALCEA,2019,fara_studii,251
VASLUI,2019,fara_studii,430
VRANCEA,2019,fara_studii,0
Total general,2019,fara_studii,26246
ALBA ,2020,fara_studii,455
ARAD,2020,fara_studii,323
ARGES,2020,fara_studii,637
BACAU,2020,fara_studii,2112
BIHOR,2020,fara_studii,187
BISTRITA,2020,fara_studii,136
BOTOSANI,2020,fara_studii,193
BRAILA,2020,fara_studii,778
BRASOV,2020,fara_studii,975
BUZAU,2020,fara_studii,2304
CALARASI,2020,fara_studii,343
CARAS,2020,fara_studii,574
CLUJ,2020,fara_studii,552
CONSTANTA,2020,fara_studii,756
COVASNA,2020,fara_studii,521
DAMBOVITA,2020,fara_studii,582
DOLJ,2020,fara_studii,854
GALATI,2020,fara_studii,1105
GIURGIU,2020,fara_studii,245
GORJ,2020,fara_studii,269
HARGHITA,2020,fara_studii,1069
HUNEDOARA,2020,fara_studii,305
IALOMITA,2020,fara_studii,270
IASI,2020,fara_studii,564
ILFOV,2020,fara_studii,91
MARAMURES,2020,fara_studii,58
MEHEDINTI,2020,fara_studii,0
MUN. BUC.,2020,fara_studii,25
MURES,2020,fara_studii,719
NEAMT,2020,fara_studii,865
OLT,2020,fara_studii,1936
PRAHOVA,2020,fara_studii,547
SALAJ,2020,fara_studii,326
SATU M.,2020,fara_studii,658
SIBIU,2020,fara_studii,372
SUCEAVA,2020,fara_studii,437
TELEORMAN,2020,fara_studii,402
TIMIS,2020,fara_studii,198
TULCEA,2020,fara_studii,0
VALCEA,2020,fara_studii,125
VASLUI,2020,fara_studii,240
VRANCEA,2020,fara_studii,303
Total general,2020,fara_studii,23411
ALBA ,2024,fara_studii,375
ARAD,2024,fara_studii,807
ARGES,2024,fara_studii,416
BACAU,2024,fara_studii,503
BIHOR,2024,fara_studii,662
BISTRITA,2024,fara_studii,337
BOTOSANI,2024,fara_studii,136
BRAILA,2024,fara_studii,651
BRASOV,2024,fara_studii,773
BUZAU,2024,fara_studii,721
CALARASI,2024,fara_studii,507
CARAS,2024,fara_studii,306
CLUJ,2024,fara_studii,867
CONSTANTA,2024,fara_studii,711
COVASNA,2024,fara_studii,539
DAMBOVITA,2024,fara_studii,413
DOLJ,2024,fara_studii,1410
GALATI,2024,fara_studii,1159
GIURGIU,2024,fara_studii,193
GORJ,2024,fara_studii,275
HARGHITA,2024,fara_studii,1116
HUNEDOARA,2024,fara_studii,567
IALOMITA,2024,fara_studii,438
IASI,2024,fara_studii,557
ILFOV,2024,fara_studii,90
MARAMURES,2024,fara_studii,303
MEHEDINTI,2024,fara_studii,636
MUN. BUC.,2024,fara_studii,9
MURES,2024,fara_studii,1006
NEAMT,2024,fara_studii,606
OLT,2024,fara_studii,690
PRAHOVA,2024,fara_studii,459
SALAJ,2024,fara_studii,690
SATU M.,2024,fara_studii,1024
SIBIU,2024,fara_studii,552
SUCEAVA,2024,fara_studii,934
TELEORMAN,2024,fara_studii,1120
TIMIS,2024,fara_studii,530
TULCEA,2024,fara_studii,0
VALCEA,2024,fara_studii,14
VASLUI,2024,fara_studii,439
VRANCEA,2024,fara_studii,123
Total general,2024,fara_studii,23664
ALBA,2019,inv_primar,676
ARAD,2019,inv_primar,582
ARGES,2019,inv_primar,1826
BACAU,2019,inv_primar,1196
BIHOR,2019,inv_primar,611
BISTRITA,2019,inv_primar,291
BOTOSANI,2019,inv_primar,1044
BRAILA,2019,inv_primar,1080
BRASOV,2019,inv_primar,1386
BUZAU,2019,inv_primar,2350
CALARASI,2019,inv_primar,883
CARAS,2019,inv_primar,390
CLUJ,2019,inv_primar,569
CONSTANTA,2019,inv_primar,746
COVASNA,2019,inv_primar,949
DAMBOVITA,2019,inv_primar,1211
DOLJ,2019,inv_primar,5972
GALATI,2019,inv_primar,2111
GIURGIU,2019,inv_primar,246
GORJ,2019,inv_primar,292
HARGHITA,2019,inv_primar,1232
HUNEDOARA,2019,inv_primar,508
IALOMITA,2019,inv_primar,1081
IASI,2019,inv_primar,1641
ILFOV,2019,inv_primar,265
MARAMURES,2019,inv_primar,2860
MEHEDINTI,2019,inv_primar,1455
MUN. BUC.,2019,inv_primar,132
MURES,2019,inv_primar,2126
NEAMT,2019,inv_primar,1192
OLT,2019,inv_primar,802
PRAHOVA,2019,inv_primar,1214
SALAJ,2019,inv_primar,1264
SATU M.,2019,inv_primar,1613
SIBIU,2019,inv_primar,847
SUCEAVA,2019,inv_primar,2138
TELEORMAN,2019,inv_primar,1210
TIMIS,2019,inv_primar,168
TULCEA,2019,inv_primar,734
VALCEA,2019,inv_primar,480
VASLUI,2019,inv_primar,2050
VRANCEA,2019,inv_primar,1924
Total general,2019,inv_primar,51347
ALBA ,2020,inv_primar,514
ARAD,2020,inv_primar,320
ARGES,2020,inv_primar,1785
BACAU,2020,inv_primar,948
BIHOR,2020,inv_primar,606
BISTRITA,2020,inv_primar,188
BOTOSANI,2020,inv_primar,1042
BRAILA,2020,inv_primar,1077
BRASOV,2020,inv_primar,1117
BUZAU,2020,inv_primar,2335
CALARASI,2020,inv_primar,773
CARAS,2020,inv_primar,383
CLUJ,2020,inv_primar,566
CONSTANTA,2020,inv_primar,776
COVASNA,2020,inv_primar,1099
DAMBOVITA,2020,inv_primar,640
DOLJ,2020,inv_primar,6167
GALATI,2020,inv_primar,2015
GIURGIU,2020,inv_primar,285
GORJ,2020,inv_primar,211
HARGHITA,2020,inv_primar,1236
HUNEDOARA,2020,inv_primar,397
IALOMITA,2020,inv_primar,1014
IASI,2020,inv_primar,1580
ILFOV,2020,inv_primar,143
MARAMURES,2020,inv_primar,1209
MEHEDINTI,2020,inv_primar,1326
MUN. BUC.,2020,inv_primar,144
MURES,2020,inv_primar,1545
NEAMT,2020,inv_primar,1018
OLT,2020,inv_primar,736
PRAHOVA,2020,inv_primar,1072
SALAJ,2020,inv_primar,1131
SATU M.,2020,inv_primar,1691
SIBIU,2020,inv_primar,970
SUCEAVA,2020,inv_primar,1569
TELEORMAN,2020,inv_primar,974
TIMIS,2020,inv_primar,106
TULCEA,2020,inv_primar,433
VALCEA,2020,inv_primar,489
VASLUI,2020,inv_primar,1257
VRANCEA,2020,inv_primar,1255
Total general,2020,inv_primar,44142
ALBA ,2024,inv_primar,925
ARAD,2024,inv_primar,409
ARGES,2024,inv_primar,2300
BACAU,2024,inv_primar,1003
BIHOR,2024,inv_primar,1480
BISTRITA,2024,inv_primar,684
BOTOSANI,2024,inv_primar,835
BRAILA,2024,inv_primar,1142
BRASOV,2024,inv_primar,1932
BUZAU,2024,inv_primar,1755
CALARASI,2024,inv_primar,1143
CARAS,2024,inv_primar,469
CLUJ,2024,inv_primar,866
CONSTANTA,2024,inv_primar,1002
COVASNA,2024,inv_primar,1567
DAMBOVITA,2024,inv_primar,1359
DOLJ,2024,inv_primar,5472
GALATI,2024,inv_primar,2228
GIURGIU,2024,inv_primar,350
GORJ,2024,inv_primar,298
HARGHITA,2024,inv_primar,1667
HUNEDOARA,2024,inv_primar,1077
IALOMITA,2024,inv_primar,1015
IASI,2024,inv_primar,2261
ILFOV,2024,inv_primar,206
MARAMURES,2024,inv_primar,871
MEHEDINTI,2024,inv_primar,1205
MUN. BUC.,2024,inv_primar,52
MURES,2024,inv_primar,2465
NEAMT,2024,inv_primar,1479
OLT,2024,inv_primar,888
PRAHOVA,2024,inv_primar,1195
SALAJ,2024,inv_primar,1667
SATU M.,2024,inv_primar,2324
SIBIU,2024,inv_primar,2079
SUCEAVA,2024,inv_primar,3016
TELEORMAN,2024,inv_primar,1177
TIMIS,2024,inv_primar,280
TULCEA,2024,inv_primar,381
VALCEA,2024,inv_primar,100
VASLUI,2024,inv_primar,2128
VRANCEA,2024,inv_primar,668
Total general,2024,inv_primar,55420
ALBA,2019,inv_gimnazial,1461
ARAD,2019,inv_gimnazial,488
ARGES,2019,inv_gimnazial,2366
BACAU,2019,inv_gimnazial,3751
BIHOR,2019,inv_gimnazial,633
BISTRITA,2019,inv_gimnazial,1023
BOTOSANI,2019,inv_gimnazial,1029
BRAILA,2019,inv_gimnazial,1639
BRASOV,2019,inv_gimnazial,1459
BUZAU,2019,inv_gimnazial,3742
CALARASI,2019,inv_gimnazial,1061
CARAS,2019,inv_gimnazial,685
CLUJ,2019,inv_gimnazial,1018
CONSTANTA,2019,inv_gimnazial,1342
COVASNA,2019,inv_gimnazial,538
DAMBOVITA,2019,inv_gimnazial,1997
DOLJ,2019,inv_gimnazial,5062
GALATI,2019,inv_gimnazial,4378
GIURGIU,2019,inv_gimnazial,558
GORJ,2019,inv_gimnazial,1322
HARGHITA,2019,inv_gimnazial,913
HUNEDOARA,2019,inv_gimnazial,1568
IALOMITA,2019,inv_gimnazial,1496
IASI,2019,inv_gimnazial,2850
ILFOV,2019,inv_gimnazial,142
MARAMURES,2019,inv_gimnazial,988
MEHEDINTI,2019,inv_gimnazial,3165
MUN. BUC.,2019,inv_gimnazial,2632
MURES,2019,inv_gimnazial,1354
NEAMT,2019,inv_gimnazial,2353
OLT,2019,inv_gimnazial,2932
PRAHOVA,2019,inv_gimnazial,1780
SALAJ,2019,inv_gimnazial,1059
SATU M.,2019,inv_gimnazial,875
SIBIU,2019,inv_gimnazial,803
SUCEAVA,2019,inv_gimnazial,2950
TELEORMAN,2019,inv_gimnazial,5324
TIMIS,2019,inv_gimnazial,647
TULCEA,2019,inv_gimnazial,863
VALCEA,2019,inv_gimnazial,1296
VASLUI,2019,inv_gimnazial,3966
VRANCEA,2019,inv_gimnazial,1727
Total general,2019,inv_gimnazial,77235
ALBA ,2020,inv_gimnazial,1480
ARAD,2020,inv_gimnazial,975
ARGES,2020,inv_gimnazial,3020
BACAU,2020,inv_gimnazial,3500
BIHOR,2020,inv_gimnazial,1077
BISTRITA,2020,inv_gimnazial,1138
BOTOSANI,2020,inv_gimnazial,876
BRAILA,2020,inv_gimnazial,1557
BRASOV,2020,inv_gimnazial,1395
BUZAU,2020,inv_gimnazial,3804
CALARASI,2020,inv_gimnazial,1156
CARAS,2020,inv_gimnazial,775
CLUJ,2020,inv_gimnazial,1383
CONSTANTA,2020,inv_gimnazial,1249
COVASNA,2020,inv_gimnazial,820
DAMBOVITA,2020,inv_gimnazial,1903
DOLJ,2020,inv_gimnazial,4968
GALATI,2020,inv_gimnazial,4316
GIURGIU,2020,inv_gimnazial,712
GORJ,2020,inv_gimnazial,1278
HARGHITA,2020,inv_gimnazial,971
HUNEDOARA,2020,inv_gimnazial,1540
IALOMITA,2020,inv_gimnazial,1356
IASI,2020,inv_gimnazial,2847
ILFOV,2020,inv_gimnazial,126
MARAMURES,2020,inv_gimnazial,763
MEHEDINTI,2020,inv_gimnazial,2979
MUN. BUC.,2020,inv_gimnazial,2570
MURES,2020,inv_gimnazial,1227
NEAMT,2020,inv_gimnazial,2240
OLT,2020,inv_gimnazial,2773
PRAHOVA,2020,inv_gimnazial,2167
SALAJ,2020,inv_gimnazial,1228
SATU M.,2020,inv_gimnazial,1361
SIBIU,2020,inv_gimnazial,1115
SUCEAVA,2020,inv_gimnazial,3071
TELEORMAN,2020,inv_gimnazial,4618
TIMIS,2020,inv_gimnazial,759
TULCEA,2020,inv_gimnazial,1107
VALCEA,2020,inv_gimnazial,1428
VASLUI,2020,inv_gimnazial,2815
VRANCEA,2020,inv_gimnazial,1851
Total general,2020,inv_gimnazial,78294
ALBA ,2024,inv_gimnazial,1594
ARAD,2024,inv_gimnazial,879
ARGES,2024,inv_gimnazial,2727
BACAU,2024,inv_gimnazial,2128
BIHOR,2024,inv_gimnazial,1173
BISTRITA,2024,inv_gimnazial,1483
BOTOSANI,2024,inv_gimnazial,2034
BRAILA,2024,inv_gimnazial,1822
BRASOV,2024,inv_gimnazial,2492
BUZAU,2024,inv_gimnazial,2564
CALARASI,2024,inv_gimnazial,1530
CARAS,2024,inv_gimnazial,881
CLUJ,2024,inv_gimnazial,1175
CONSTANTA,2024,inv_gimnazial,1107
COVASNA,2024,inv_gimnazial,730
DAMBOVITA,2024,inv_gimnazial,1899
DOLJ,2024,inv_gimnazial,6998
GALATI,2024,inv_gimnazial,3817
GIURGIU,2024,inv_gimnazial,740
GORJ,2024,inv_gimnazial,1322
HARGHITA,2024,inv_gimnazial,1364
HUNEDOARA,2024,inv_gimnazial,2021
IALOMITA,2024,inv_gimnazial,1752
IASI,2024,inv_gimnazial,3553
ILFOV,2024,inv_gimnazial,263
MARAMURES,2024,inv_gimnazial,1159
MEHEDINTI,2024,inv_gimnazial,2933
MUN. BUC.,2024,inv_gimnazial,1577
MURES,2024,inv_gimnazial,1726
NEAMT,2024,inv_gimnazial,2902
OLT,2024,inv_gimnazial,3145
PRAHOVA,2024,inv_gimnazial,1909
SALAJ,2024,inv_gimnazial,1489
SATU M.,2024,inv_gimnazial,1724
SIBIU,2024,inv_gimnazial,1193
SUCEAVA,2024,inv_gimnazial,4476
TELEORMAN,2024,inv_gimnazial,5521
TIMIS,2024,inv_gimnazial,735
TULCEA,2024,inv_gimnazial,1181
VALCEA,2024,inv_gimnazial,469
VASLUI,2024,inv_gimnazial,4572
VRANCEA,2024,inv_gimnazial,918
Total general,2024,inv_gimnazial,85677
ALBA,2019,inv_liceal,953
ARAD,2019,inv_liceal,1252
ARGES,2019,inv_liceal,1336
BACAU,2019,inv_liceal,1076
BIHOR,2019,inv_liceal,890
BISTRITA,2019,inv_liceal,716
BOTOSANI,2019,inv_liceal,876
BRAILA,2019,inv_liceal,459
BRASOV,2019,inv_liceal,1063
BUZAU,2019,inv_liceal,1689
CALARASI,2019,inv_liceal,609
CARAS,2019,inv_liceal,991
CLUJ,2019,inv_liceal,939
CONSTANTA,2019,inv_liceal,1545
COVASNA,2019,inv_liceal,572
DAMBOVITA,2019,inv_liceal,1854
DOLJ,2019,inv_liceal,4058
GALATI,2019,inv_liceal,1428
GIURGIU,2019,inv_liceal,619
GORJ,2019,inv_liceal,1602
HARGHITA,2019,inv_liceal,1024
HUNEDOARA,2019,inv_liceal,1418
IALOMITA,2019,inv_liceal,758
IASI,2019,inv_liceal,1050
ILFOV,2019,inv_liceal,217
MARAMURES,2019,inv_liceal,1436
MEHEDINTI,2019,inv_liceal,997
MUN. BUC.,2019,inv_liceal,5341
MURES,2019,inv_liceal,639
NEAMT,2019,inv_liceal,1031
OLT,2019,inv_liceal,1785
PRAHOVA,2019,inv_liceal,1296
SALAJ,2019,inv_liceal,831
SATU M.,2019,inv_liceal,225
SIBIU,2019,inv_liceal,461
SUCEAVA,2019,inv_liceal,2952
TELEORMAN,2019,inv_liceal,1372
TIMIS,2019,inv_liceal,801
TULCEA,2019,inv_liceal,554
VALCEA,2019,inv_liceal,1732
VASLUI,2019,inv_liceal,994
VRANCEA,2019,inv_liceal,1018
Total general,2019,inv_liceal,52459
ALBA ,2020,inv_liceal,1673
ARAD,2020,inv_liceal,1734
ARGES,2020,inv_liceal,2420
BACAU,2020,inv_liceal,1141
BIHOR,2020,inv_liceal,1801
BISTRITA,2020,inv_liceal,1316
BOTOSANI,2020,inv_liceal,1038
BRAILA,2020,inv_liceal,515
BRASOV,2020,inv_liceal,1415
BUZAU,2020,inv_liceal,1849
CALARASI,2020,inv_liceal,805
CARAS,2020,inv_liceal,1263
CLUJ,2020,inv_liceal,1611
CONSTANTA,2020,inv_liceal,2778
COVASNA,2020,inv_liceal,828
DAMBOVITA,2020,inv_liceal,1568
DOLJ,2020,inv_liceal,4301
GALATI,2020,inv_liceal,1995
GIURGIU,2020,inv_liceal,721
GORJ,2020,inv_liceal,1886
HARGHITA,2020,inv_liceal,1388
HUNEDOARA,2020,inv_liceal,2295
IALOMITA,2020,inv_liceal,949
IASI,2020,inv_liceal,1108
ILFOV,2020,inv_liceal,342
MARAMURES,2020,inv_liceal,2031
MEHEDINTI,2020,inv_liceal,1286
MUN. BUC.,2020,inv_liceal,5161
MURES,2020,inv_liceal,1340
NEAMT,2020,inv_liceal,1544
OLT,2020,inv_liceal,2191
PRAHOVA,2020,inv_liceal,2418
SALAJ,2020,inv_liceal,1520
SATU M.,2020,inv_liceal,588
SIBIU,2020,inv_liceal,1263
SUCEAVA,2020,inv_liceal,3489
TELEORMAN,2020,inv_liceal,1330
TIMIS,2020,inv_liceal,1396
TULCEA,2020,inv_liceal,757
VALCEA,2020,inv_liceal,2215
VASLUI,2020,inv_liceal,1112
VRANCEA,2020,inv_liceal,1215
Total general,2020,inv_liceal,69596
ALBA ,2024,inv_liceal,950
ARAD,2024,inv_liceal,437
ARGES,2024,inv_liceal,1010
BACAU,2024,inv_liceal,628
BIHOR,2024,inv_liceal,607
BISTRITA,2024,inv_liceal,953
BOTOSANI,2024,inv_liceal,727
BRAILA,2024,inv_liceal,370
BRASOV,2024,inv_liceal,518
BUZAU,2024,inv_liceal,744
CALARASI,2024,inv_liceal,558
CARAS,2024,inv_liceal,624
CLUJ,2024,inv_liceal,632
CONSTANTA,2024,inv_liceal,714
COVASNA,2024,inv_liceal,405
DAMBOVITA,2024,inv_liceal,766
DOLJ,2024,inv_liceal,2582
GALATI,2024,inv_liceal,745
GIURGIU,2024,inv_liceal,394
GORJ,2024,inv_liceal,1115
HARGHITA,2024,inv_liceal,671
HUNEDOARA,2024,inv_liceal,1936
IALOMITA,2024,inv_liceal,486
IASI,2024,inv_liceal,821
ILFOV,2024,inv_liceal,149
MARAMURES,2024,inv_liceal,710
MEHEDINTI,2024,inv_liceal,1023
MUN. BUC.,2024,inv_liceal,3592
MURES,2024,inv_liceal,669
NEAMT,2024,inv_liceal,900
OLT,2024,inv_liceal,1056
PRAHOVA,2024,inv_liceal,1028
SALAJ,2024,inv_liceal,454
SATU M.,2024,inv_liceal,347
SIBIU,2024,inv_liceal,521
SUCEAVA,2024,inv_liceal,1408
TELEORMAN,2024,inv_liceal,1012
TIMIS,2024,inv_liceal,876
TULCEA,2024,inv_liceal,493
VALCEA,2024,inv_liceal,878
VASLUI,2024,inv_liceal,978
VRANCEA,2024,inv_liceal,333
Total general,2024,inv_liceal,35820
ALBA,2019,inv_posticeal,37
ARAD,2019,inv_posticeal,22
ARGES,2019,inv_posticeal,80
BACAU,2019,inv_posticeal,57
BIHOR,2019,inv_posticeal,50
BISTRITA,2019,inv_posticeal,45
BOTOSANI,2019,inv_posticeal,51
BRAILA,2019,inv_posticeal,41
BRASOV,2019,inv_posticeal,54
BUZAU,2019,inv_posticeal,54
CALARASI,2019,inv_posticeal,26
CARAS,2019,inv_posticeal,61
CLUJ,2019,inv_posticeal,98
CONSTANTA,2019,inv_posticeal,43
COVASNA,2019,inv_posticeal,27
DAMBOVITA,2019,inv_posticeal,47
DOLJ,2019,inv_posticeal,82
GALATI,2019,inv_posticeal,100
GIURGIU,2019,inv_posticeal,7
GORJ,2019,inv_posticeal,99
HARGHITA,2019,inv_posticeal,48
HUNEDOARA,2019,inv_posticeal,118
IALOMITA,2019,inv_posticeal,35
IASI,2019,inv_posticeal,45
ILFOV,2019,inv_posticeal,6
MARAMURES,2019,inv_posticeal,79
MEHEDINTI,2019,inv_posticeal,25
MUN. BUC.,2019,inv_posticeal,291
MURES,2019,inv_posticeal,51
NEAMT,2019,inv_posticeal,78
OLT,2019,inv_posticeal,46
PRAHOVA,2019,inv_posticeal,72
SALAJ,2019,inv_posticeal,32
SATU M.,2019,inv_posticeal,11
SIBIU,2019,inv_posticeal,29
SUCEAVA,2019,inv_posticeal,182
TELEORMAN,2019,inv_posticeal,36
TIMIS,2019,inv_posticeal,41
TULCEA,2019,inv_posticeal,0
VALCEA,2019,inv_posticeal,83
VASLUI,2019,inv_posticeal,46
VRANCEA,2019,inv_posticeal,44
Total general,2019,inv_posticeal,2479
ALBA ,2020,inv_posticeal,63
ARAD,2020,inv_posticeal,98
ARGES,2020,inv_posticeal,158
BACAU,2020,inv_posticeal,89
BIHOR,2020,inv_posticeal,97
BISTRITA,2020,inv_posticeal,65
BOTOSANI,2020,inv_posticeal,60
BRAILA,2020,inv_posticeal,57
BRASOV,2020,inv_posticeal,91
BUZAU,2020,inv_posticeal,66
CALARASI,2020,inv_posticeal,39
CARAS,2020,inv_posticeal,74
CLUJ,2020,inv_posticeal,177
CONSTANTA,2020,inv_posticeal,77
COVASNA,2020,inv_posticeal,50
DAMBOVITA,2020,inv_posticeal,92
DOLJ,2020,inv_posticeal,379
GALATI,2020,inv_posticeal,114
GIURGIU,2020,inv_posticeal,16
GORJ,2020,inv_posticeal,184
HARGHITA,2020,inv_posticeal,75
HUNEDOARA,2020,inv_posticeal,119
IALOMITA,2020,inv_posticeal,48
IASI,2020,inv_posticeal,82
ILFOV,2020,inv_posticeal,7
MARAMURES,2020,inv_posticeal,117
MEHEDINTI,2020,inv_posticeal,89
MUN. BUC.,2020,inv_posticeal,302
MURES,2020,inv_posticeal,75
NEAMT,2020,inv_posticeal,100
OLT,2020,inv_posticeal,149
PRAHOVA,2020,inv_posticeal,140
SALAJ,2020,inv_posticeal,63
SATU M.,2020,inv_posticeal,23
SIBIU,2020,inv_posticeal,94
SUCEAVA,2020,inv_posticeal,147
TELEORMAN,2020,inv_posticeal,95
TIMIS,2020,inv_posticeal,99
TULCEA,2020,inv_posticeal,0
VALCEA,2020,inv_posticeal,158
VASLUI,2020,inv_posticeal,62
VRANCEA,2020,inv_posticeal,72
Total general,2020,inv_posticeal,4162
ALBA ,2024,inv_posticeal,49
ARAD,2024,inv_posticeal,28
ARGES,2024,inv_posticeal,95
BACAU,2024,inv_posticeal,36
BIHOR,2024,inv_posticeal,56
BISTRITA,2024,inv_posticeal,34
BOTOSANI,2024,inv_posticeal,33
BRAILA,2024,inv_posticeal,54
BRASOV,2024,inv_posticeal,49
BUZAU,2024,inv_posticeal,46
CALARASI,2024,inv_posticeal,42
CARAS,2024,inv_posticeal,34
CLUJ,2024,inv_posticeal,85
CONSTANTA,2024,inv_posticeal,36
COVASNA,2024,inv_posticeal,26
DAMBOVITA,2024,inv_posticeal,44
DOLJ,2024,inv_posticeal,85
GALATI,2024,inv_posticeal,49
GIURGIU,2024,inv_posticeal,12
GORJ,2024,inv_posticeal,73
HARGHITA,2024,inv_posticeal,39
HUNEDOARA,2024,inv_posticeal,130
IALOMITA,2024,inv_posticeal,30
IASI,2024,inv_posticeal,55
ILFOV,2024,inv_posticeal,8
MARAMURES,2024,inv_posticeal,70
MEHEDINTI,2024,inv_posticeal,52
MUN. BUC.,2024,inv_posticeal,225
MURES,2024,inv_posticeal,63
NEAMT,2024,inv_posticeal,69
OLT,2024,inv_posticeal,87
PRAHOVA,2024,inv_posticeal,97
SALAJ,2024,inv_posticeal,30
SATU M.,2024,inv_posticeal,27
SIBIU,2024,inv_posticeal,31
SUCEAVA,2024,inv_posticeal,90
TELEORMAN,2024,inv_posticeal,39
TIMIS,2024,inv_posticeal,45
TULCEA,2024,inv_posticeal,0
VALCEA,2024,inv_posticeal,68
VASLUI,2024,inv_posticeal,42
VRANCEA,2024,inv_posticeal,34
Total general,2024,inv_posticeal,2297
ALBA,2019,inv_profesional,749
ARAD,2019,inv_profesional,206
ARGES,2019,inv_profesional,1028
BACAU,2019,inv_profesional,1090
BIHOR,2019,inv_profesional,393
BISTRITA,2019,inv_profesional,514
BOTOSANI,2019,inv_profesional,550
BRAILA,2019,inv_profesional,436
BRASOV,2019,inv_profesional,449
BUZAU,2019,inv_profesional,1447
CALARASI,2019,inv_profesional,328
CARAS,2019,inv_profesional,400
CLUJ,2019,inv_profesional,676
CONSTANTA,2019,inv_profesional,488
COVASNA,2019,inv_profesional,163
DAMBOVITA,2019,inv_profesional,803
DOLJ,2019,inv_profesional,1837
GALATI,2019,inv_profesional,1372
GIURGIU,2019,inv_profesional,120
GORJ,2019,inv_profesional,849
HARGHITA,2019,inv_profesional,472
HUNEDOARA,2019,inv_profesional,1132
IALOMITA,2019,inv_profesional,669
IASI,2019,inv_profesional,1875
ILFOV,2019,inv_profesional,63
MARAMURES,2019,inv_profesional,630
MEHEDINTI,2019,inv_profesional,809
MUN. BUC.,2019,inv_profesional,2764
MURES,2019,inv_profesional,523
NEAMT,2019,inv_profesional,1673
OLT,2019,inv_profesional,1318
PRAHOVA,2019,inv_profesional,1030
SALAJ,2019,inv_profesional,466
SATU M.,2019,inv_profesional,172
SIBIU,2019,inv_profesional,358
SUCEAVA,2019,inv_profesional,1877
TELEORMAN,2019,inv_profesional,1300
TIMIS,2019,inv_profesional,506
TULCEA,2019,inv_profesional,325
VALCEA,2019,inv_profesional,989
VASLUI,2019,inv_profesional,2899
VRANCEA,2019,inv_profesional,494
Total general,2019,inv_profesional,36242
ALBA ,2020,inv_profesional,1087
ARAD,2020,inv_profesional,711
ARGES,2020,inv_profesional,1777
BACAU,2020,inv_profesional,1110
BIHOR,2020,inv_profesional,801
BISTRITA,2020,inv_profesional,766
BOTOSANI,2020,inv_profesional,647
BRAILA,2020,inv_profesional,503
BRASOV,2020,inv_profesional,826
BUZAU,2020,inv_profesional,1765
CALARASI,2020,inv_profesional,474
CARAS,2020,inv_profesional,561
CLUJ,2020,inv_profesional,1256
CONSTANTA,2020,inv_profesional,700
COVASNA,2020,inv_profesional,464
DAMBOVITA,2020,inv_profesional,1012
DOLJ,2020,inv_profesional,2071
GALATI,2020,inv_profesional,1771
GIURGIU,2020,inv_profesional,177
GORJ,2020,inv_profesional,882
HARGHITA,2020,inv_profesional,761
HUNEDOARA,2020,inv_profesional,1194
IALOMITA,2020,inv_profesional,637
IASI,2020,inv_profesional,2351
ILFOV,2020,inv_profesional,81
MARAMURES,2020,inv_profesional,770
MEHEDINTI,2020,inv_profesional,876
MUN. BUC.,2020,inv_profesional,2839
MURES,2020,inv_profesional,848
NEAMT,2020,inv_profesional,1870
OLT,2020,inv_profesional,1461
PRAHOVA,2020,inv_profesional,1804
SALAJ,2020,inv_profesional,609
SATU M.,2020,inv_profesional,388
SIBIU,2020,inv_profesional,949
SUCEAVA,2020,inv_profesional,2269
TELEORMAN,2020,inv_profesional,1354
TIMIS,2020,inv_profesional,641
TULCEA,2020,inv_profesional,416
VALCEA,2020,inv_profesional,1119
VASLUI,2020,inv_profesional,2228
VRANCEA,2020,inv_profesional,592
Total general,2020,inv_profesional,45418
ALBA ,2024,inv_profesional,860
ARAD,2024,inv_profesional,304
ARGES,2024,inv_profesional,1265
BACAU,2024,inv_profesional,892
BIHOR,2024,inv_profesional,426
BISTRITA,2024,inv_profesional,686
BOTOSANI,2024,inv_profesional,769
BRAILA,2024,inv_profesional,502
BRASOV,2024,inv_profesional,419
BUZAU,2024,inv_profesional,1101
CALARASI,2024,inv_profesional,439
CARAS,2024,inv_profesional,370
CLUJ,2024,inv_profesional,690
CONSTANTA,2024,inv_profesional,436
COVASNA,2024,inv_profesional,248
DAMBOVITA,2024,inv_profesional,628
DOLJ,2024,inv_profesional,2056
GALATI,2024,inv_profesional,1112
GIURGIU,2024,inv_profesional,133
GORJ,2024,inv_profesional,989
HARGHITA,2024,inv_profesional,532
HUNEDOARA,2024,inv_profesional,1068
IALOMITA,2024,inv_profesional,591
IASI,2024,inv_profesional,2389
ILFOV,2024,inv_profesional,106
MARAMURES,2024,inv_profesional,705
MEHEDINTI,2024,inv_profesional,724
MUN. BUC.,2024,inv_profesional,1905
MURES,2024,inv_profesional,620
NEAMT,2024,inv_profesional,1739
OLT,2024,inv_profesional,1272
PRAHOVA,2024,inv_profesional,1365
SALAJ,2024,inv_profesional,557
SATU M.,2024,inv_profesional,368
SIBIU,2024,inv_profesional,569
SUCEAVA,2024,inv_profesional,1755
TELEORMAN,2024,inv_profesional,960
TIMIS,2024,inv_profesional,406
TULCEA,2024,inv_profesional,375
VALCEA,2024,inv_profesional,702
VASLUI,2024,inv_profesional,1502
VRANCEA,2024,inv_profesional,272
Total general,2024,inv_profesional,34807
ALBA,2019,inv_universitar,238
ARAD,2019,inv_universitar,185
ARGES,2019,inv_universitar,295
BACAU,2019,inv_universitar,2091
BIHOR,2019,inv_universitar,359
BISTRITA,2019,inv_universitar,408
BOTOSANI,2019,inv_universitar,188
BRAILA,2019,inv_universitar,161
BRASOV,2019,inv_universitar,275
BUZAU,2019,inv_universitar,129
CALARASI,2019,inv_universitar,54
CARAS,2019,inv_universitar,190
CLUJ,2019,inv_universitar,415
CONSTANTA,2019,inv_universitar,372
COVASNA,2019,inv_universitar,51
DAMBOVITA,2019,inv_universitar,227
DOLJ,2019,inv_universitar,374
GALATI,2019,inv_universitar,310
GIURGIU,2019,inv_universitar,70
GORJ,2019,inv_universitar,317
HARGHITA,2019,inv_universitar,167
HUNEDOARA,2019,inv_universitar,529
IALOMITA,2019,inv_universitar,69
IASI,2019,inv_universitar,296
ILFOV,2019,inv_universitar,72
MARAMURES,2019,inv_universitar,297
MEHEDINTI,2019,inv_universitar,81
MUN. BUC.,2019,inv_universitar,4316
MURES,2019,inv_universitar,167
NEAMT,2019,inv_universitar,335
OLT,2019,inv_universitar,69
PRAHOVA,2019,inv_universitar,405
SALAJ,2019,inv_universitar,192
SATU M.,2019,inv_universitar,85
SIBIU,2019,inv_universitar,325
SUCEAVA,2019,inv_universitar,813
TELEORMAN,2019,inv_universitar,104
TIMIS,2019,inv_universitar,395
TULCEA,2019,inv_universitar,58
VALCEA,2019,inv_universitar,336
VASLUI,2019,inv_universitar,75
VRANCEA,2019,inv_universitar,141
Total general,2019,inv_universitar,16036
ALBA ,2020,inv_universitar,400
ARAD,2020,inv_universitar,397
ARGES,2020,inv_universitar,586
BACAU,2020,inv_universitar,2066
BIHOR,2020,inv_universitar,618
BISTRITA,2020,inv_universitar,219
BOTOSANI,2020,inv_universitar,165
BRAILA,2020,inv_universitar,166
BRASOV,2020,inv_universitar,543
BUZAU,2020,inv_universitar,170
CALARASI,2020,inv_universitar,150
CARAS,2020,inv_universitar,235
CLUJ,2020,inv_universitar,695
CONSTANTA,2020,inv_universitar,536
COVASNA,2020,inv_universitar,88
DAMBOVITA,2020,inv_universitar,370
DOLJ,2020,inv_universitar,391
GALATI,2020,inv_universitar,410
GIURGIU,2020,inv_universitar,70
GORJ,2020,inv_universitar,363
HARGHITA,2020,inv_universitar,230
HUNEDOARA,2020,inv_universitar,585
IALOMITA,2020,inv_universitar,77
IASI,2020,inv_universitar,505
ILFOV,2020,inv_universitar,61
MARAMURES,2020,inv_universitar,364
MEHEDINTI,2020,inv_universitar,139
MUN. BUC.,2020,inv_universitar,4249
MURES,2020,inv_universitar,313
NEAMT,2020,inv_universitar,307
OLT,2020,inv_universitar,42
PRAHOVA,2020,inv_universitar,741
SALAJ,2020,inv_universitar,198
SATU M.,2020,inv_universitar,151
SIBIU,2020,inv_universitar,436
SUCEAVA,2020,inv_universitar,581
TELEORMAN,2020,inv_universitar,63
TIMIS,2020,inv_universitar,521
TULCEA,2020,inv_universitar,79
VALCEA,2020,inv_universitar,382
VASLUI,2020,inv_universitar,84
VRANCEA,2020,inv_universitar,170
Total general,2020,inv_universitar,18916
ALBA ,2024,inv_universitar,332
ARAD,2024,inv_universitar,219
ARGES,2024,inv_universitar,325
BACAU,2024,inv_universitar,217
BIHOR,2024,inv_universitar,293
BISTRITA,2024,inv_universitar,187
BOTOSANI,2024,inv_universitar,108
BRAILA,2024,inv_universitar,126
BRASOV,2024,inv_universitar,316
BUZAU,2024,inv_universitar,111
CALARASI,2024,inv_universitar,74
CARAS,2024,inv_universitar,168
CLUJ,2024,inv_universitar,399
CONSTANTA,2024,inv_universitar,248
COVASNA,2024,inv_universitar,50
DAMBOVITA,2024,inv_universitar,141
DOLJ,2024,inv_universitar,316
GALATI,2024,inv_universitar,246
GIURGIU,2024,inv_universitar,39
GORJ,2024,inv_universitar,230
HARGHITA,2024,inv_universitar,127
HUNEDOARA,2024,inv_universitar,573
IALOMITA,2024,inv_universitar,49
IASI,2024,inv_universitar,334
ILFOV,2024,inv_universitar,99
MARAMURES,2024,inv_universitar,251
MEHEDINTI,2024,inv_universitar,101
MUN. BUC.,2024,inv_universitar,2625
MURES,2024,inv_universitar,182
NEAMT,2024,inv_universitar,232
OLT,2024,inv_universitar,230
PRAHOVA,2024,inv_universitar,344
SALAJ,2024,inv_universitar,140
SATU M.,2024,inv_universitar,83
SIBIU,2024,inv_universitar,245
SUCEAVA,2024,inv_universitar,303
TELEORMAN,2024,inv_universitar,102
TIMIS,2024,inv_universitar,413
TULCEA,2024,inv_universitar,73
VALCEA,2024,inv_universitar,269
VASLUI,2024,inv_universitar,83
VRANCEA,2024,inv_universitar,79
Total general,2024,inv_universitar,11082
