judet,an,mediu,numar_someri
ALBA,2019,total_urban,1659
ARAD,2019,total_urban,1322
ARGES,2019,total_urban,1281
BACAU,2019,total_urban,2392
BIHOR,2019,total_urban,1188
BISTRITA-NASAUD,2019,total_urban,1001
BOTOSANI,2019,total_urban,1376
BRAILA,2019,total_urban,1195
BRASOV,2019,total_urban,1829
BUZAU,2019,total_urban,2112
CALARASI,2019,total_urban,762
CARAS-SEVERIN,2019,total_urban,1311
CLUJ,2019,total_urban,2069
CONSTANTA,2019,total_urban,2668
COVASNA,2019,total_urban,871
DAMBOVITA,2019,total_urban,1101
DOLJ,2019,total_urban,2626
GALATI,2019,total_urban,2109
GIURGIU,2019,total_urban,523
GORJ,2019,total_urban,1477
HARGHITA,2019,total_urban,1534
HUNEDOARA,2019,total_urban,3879
IALOMITA,2019,total_urban,1396
IASI,2019,total_urban,1307
ILFOV,2019,total_urban,212
MARAMURES,2019,total_urban,3258
MEHEDINTI,2019,total_urban,1395
MURES,2019,total_urban,1131
NEAMT,2019,total_urban,1350
OLT,2019,total_urban,1796
PRAHOVA,2019,total_urban,2107
SALAJ,2019,total_urban,964
SATU MARE,2019,total_urban,643
SIBIU,2019,total_urban,1077
SUCEAVA,2019,total_urban,3234
TELEORMAN,2019,total_urban,2209
TIMIS,2019,total_urban,1436
TULCEA,2019,total_urban,649
VALCEA,2019,total_urban,1896
VASLUI,2019,total_urban,1188
VRANCEA,2019,total_urban,1090
BUCURESTI,2019,total_urban,15502
Total TARA,2019,total_urban,80125
ALBA,2020,total_urban,2318
ARAD,2020,total_urban,2185
ARGES,2020,total_urban,2656
BACAU,2020,total_urban,2867
BIHOR,2020,total_urban,2083
BISTRITA-NASAUD,2020,total_urban,1431
BOTOSANI,2020,total_urban,1611
BRAILA,2020,total_urban,1359
BRASOV,2020,total_urban,2604
BUZAU,2020,total_urban,2465
CALARASI,2020,total_urban,1135
CARAS-SEVERIN,2020,total_urban,1730
CLUJ,2020,total_urban,3132
CONSTANTA,2020,total_urban,3516
COVASNA,2020,total_urban,1415
DAMBOVITA,2020,total_urban,1153
DOLJ,2020,total_urban,3549
GALATI,2020,total_urban,2696
GIURGIU,2020,total_urban,629
GORJ,2020,total_urban,1740
HARGHITA,2020,total_urban,1912
HUNEDOARA,2020,total_urban,4598
IALOMITA,2020,total_urban,1439
IASI,2020,total_urban,1825
ILFOV,2020,total_urban,252
MARAMURES,2020,total_urban,3292
MEHEDINTI,2020,total_urban,1859
MURES,2020,total_urban,1782
NEAMT,2020,total_urban,1803
OLT,2020,total_urban,2309
PRAHOVA,2020,total_urban,3506
SALAJ,2020,total_urban,1270
SATU MARE,2020,total_urban,1111
SIBIU,2020,total_urban,2347
SUCEAVA,2020,total_urban,3723
TELEORMAN,2020,total_urban,2155
TIMIS,2020,total_urban,1920
TULCEA,2020,total_urban,921
VALCEA,2020,total_urban,2243
VASLUI,2020,total_urban,1426
VRANCEA,2020,total_urban,1231
BUCURESTI,2020,total_urban,15290
Total TARA,2020,total_urban,100488
ALBA,2024,total_urban,1622
ARAD,2024,total_urban,1046
ARGES,2024,total_urban,1118
BACAU,2024,total_urban,1538
BIHOR,2024,total_urban,1141
BISTRITA-NASAUD,2024,total_urban,1301
BOTOSANI,2024,total_urban,1330
BRAILA,2024,total_urban,1092
BRASOV,2024,total_urban,1615
BUZAU,2024,total_urban,1183
CALARASI,2024,total_urban,1066
CARAS-SEVERIN,2024,total_urban,1167
CLUJ,2024,total_urban,1774
CONSTANTA,2024,total_urban,1655
COVASNA,2024,total_urban,1002
DAMBOVITA,2024,total_urban,836
DOLJ,2024,total_urban,2444
GALATI,2024,total_urban,1325
GIURGIU,2024,total_urban,309
GORJ,2024,total_urban,1275
HARGHITA,2024,total_urban,1598
HUNEDOARA,2024,total_urban,4720
IALOMITA,2024,total_urban,1025
IASI,2024,total_urban,1247
ILFOV,2024,total_urban,216
MARAMURES,2024,total_urban,1708
MEHEDINTI,2024,total_urban,1047
MURES,2024,total_urban,1799
NEAMT,2024,total_urban,1307
OLT,2024,total_urban,1225
PRAHOVA,2024,total_urban,1805
SALAJ,2024,total_urban,756
SATU MARE,2024,total_urban,1191
SIBIU,2024,total_urban,1357
SUCEAVA,2024,total_urban,2832
TELEORMAN,2024,total_urban,1568
TIMIS,2024,total_urban,1361
TULCEA,2024,total_urban,589
VALCEA,2024,total_urban,1118
VASLUI,2024,total_urban,1292
VRANCEA,2024,total_urban,449
BUCURESTI,2024,total_urban,9985
Total TARA,2024,total_urban,66034
ALBA,2019,femei_urban,860
ARAD,2019,femei_urban,716
ARGES,2019,femei_urban,720
BACAU,2019,femei_urban,962
BIHOR,2019,femei_urban,686
BISTRITA-NASAUD,2019,femei_urban,581
BOTOSANI,2019,femei_urban,667
BRAILA,2019,femei_urban,534
BRASOV,2019,femei_urban,976
BUZAU,2019,femei_urban,1083
CALARASI,2019,femei_urban,395
CARAS-SEVERIN,2019,femei_urban,613
CLUJ,2019,femei_urban,1251
CONSTANTA,2019,femei_urban,1530
COVASNA,2019,femei_urban,459
DAMBOVITA,2019,femei_urban,590
DOLJ,2019,femei_urban,1387
GALATI,2019,femei_urban,1185
GIURGIU,2019,femei_urban,314
GORJ,2019,femei_urban,815
HARGHITA,2019,femei_urban,787
HUNEDOARA,2019,femei_urban,2048
IALOMITA,2019,femei_urban,706
IASI,2019,femei_urban,697
ILFOV,2019,femei_urban,119
MARAMURES,2019,femei_urban,1730
MEHEDINTI,2019,femei_urban,669
MURES,2019,femei_urban,619
NEAMT,2019,femei_urban,698
OLT,2019,femei_urban,922
PRAHOVA,2019,femei_urban,1148
SALAJ,2019,femei_urban,523
SATU MARE,2019,femei_urban,334
SIBIU,2019,femei_urban,551
SUCEAVA,2019,femei_urban,1638
TELEORMAN,2019,femei_urban,1081
TIMIS,2019,femei_urban,829
TULCEA,2019,femei_urban,381
VALCEA,2019,femei_urban,984
VASLUI,2019,femei_urban,592
VRANCEA,2019,femei_urban,557
BUCURESTI,2019,femei_urban,8306
Total TARA,2019,femei_urban,42243
ALBA,2020,femei_urban,1236
ARAD,2020,femei_urban,1275
ARGES,2020,femei_urban,1683
BACAU,2020,femei_urban,1010
BIHOR,2020,femei_urban,1294
BISTRITA-NASAUD,2020,femei_urban,882
BOTOSANI,2020,femei_urban,867
BRAILA,2020,femei_urban,743
BRASOV,2020,femei_urban,1449
BUZAU,2020,femei_urban,1278
CALARASI,2020,femei_urban,609
CARAS-SEVERIN,2020,femei_urban,816
CLUJ,2020,femei_urban,1918
CONSTANTA,2020,femei_urban,2131
COVASNA,2020,femei_urban,782
DAMBOVITA,2020,femei_urban,643
DOLJ,2020,femei_urban,2030
GALATI,2020,femei_urban,1542
GIURGIU,2020,femei_urban,376
GORJ,2020,femei_urban,984
HARGHITA,2020,femei_urban,1035
HUNEDOARA,2020,femei_urban,2743
IALOMITA,2020,femei_urban,761
IASI,2020,femei_urban,1013
ILFOV,2020,femei_urban,147
MARAMURES,2020,femei_urban,1688
MEHEDINTI,2020,femei_urban,1012
MURES,2020,femei_urban,1005
NEAMT,2020,femei_urban,1021
OLT,2020,femei_urban,1336
PRAHOVA,2020,femei_urban,2008
SALAJ,2020,femei_urban,724
SATU MARE,2020,femei_urban,574
SIBIU,2020,femei_urban,1269
SUCEAVA,2020,femei_urban,1958
TELEORMAN,2020,femei_urban,1186
TIMIS,2020,femei_urban,1113
TULCEA,2020,femei_urban,539
VALCEA,2020,femei_urban,1226
VASLUI,2020,femei_urban,798
VRANCEA,2020,femei_urban,671
BUCURESTI,2020,femei_urban,8167
Total TARA,2020,femei_urban,55542
ALBA,2024,femei_urban,900
ARAD,2024,femei_urban,575
ARGES,2024,femei_urban,686
BACAU,2024,femei_urban,765
BIHOR,2024,femei_urban,688
BISTRITA-NASAUD,2024,femei_urban,691
BOTOSANI,2024,femei_urban,771
BRAILA,2024,femei_urban,586
BRASOV,2024,femei_urban,888
BUZAU,2024,femei_urban,659
CALARASI,2024,femei_urban,600
CARAS-SEVERIN,2024,femei_urban,578
CLUJ,2024,femei_urban,1105
CONSTANTA,2024,femei_urban,1021
COVASNA,2024,femei_urban,541
DAMBOVITA,2024,femei_urban,492
DOLJ,2024,femei_urban,1334
GALATI,2024,femei_urban,727
GIURGIU,2024,femei_urban,170
GORJ,2024,femei_urban,797
HARGHITA,2024,femei_urban,886
HUNEDOARA,2024,femei_urban,2725
IALOMITA,2024,femei_urban,567
IASI,2024,femei_urban,654
ILFOV,2024,femei_urban,142
MARAMURES,2024,femei_urban,919
MEHEDINTI,2024,femei_urban,564
MURES,2024,femei_urban,954
NEAMT,2024,femei_urban,720
OLT,2024,femei_urban,745
PRAHOVA,2024,femei_urban,1059
SALAJ,2024,femei_urban,426
SATU MARE,2024,femei_urban,672
SIBIU,2024,femei_urban,748
SUCEAVA,2024,femei_urban,1394
TELEORMAN,2024,femei_urban,786
TIMIS,2024,femei_urban,763
TULCEA,2024,femei_urban,328
VALCEA,2024,femei_urban,650
VASLUI,2024,femei_urban,710
VRANCEA,2024,femei_urban,246
BUCURESTI,2024,femei_urban,5692
Total TARA,2024,femei_urban,36924
ALBA,2019,barbati_urban,799
ARAD,2019,barbati_urban,606
ARGES,2019,barbati_urban,561
BACAU,2019,barbati_urban,1430
BIHOR,2019,barbati_urban,502
BISTRITA-NASAUD,2019,barbati_urban,420
BOTOSANI,2019,barbati_urban,709
BRAILA,2019,barbati_urban,661
BRASOV,2019,barbati_urban,853
BUZAU,2019,barbati_urban,1029
CALARASI,2019,barbati_urban,367
CARAS-SEVERIN,2019,barbati_urban,698
CLUJ,2019,barbati_urban,818
CONSTANTA,2019,barbati_urban,1138
COVASNA,2019,barbati_urban,412
DAMBOVITA,2019,barbati_urban,511
DOLJ,2019,barbati_urban,1239
GALATI,2019,barbati_urban,924
GIURGIU,2019,barbati_urban,209
GORJ,2019,barbati_urban,662
HARGHITA,2019,barbati_urban,747
HUNEDOARA,2019,barbati_urban,1831
IALOMITA,2019,barbati_urban,690
IASI,2019,barbati_urban,610
ILFOV,2019,barbati_urban,93
MARAMURES,2019,barbati_urban,1528
MEHEDINTI,2019,barbati_urban,726
MURES,2019,barbati_urban,512
NEAMT,2019,barbati_urban,652
OLT,2019,barbati_urban,874
PRAHOVA,2019,barbati_urban,959
SALAJ,2019,barbati_urban,441
SATU MARE,2019,barbati_urban,309
SIBIU,2019,barbati_urban,526
SUCEAVA,2019,barbati_urban,1596
TELEORMAN,2019,barbati_urban,1128
TIMIS,2019,barbati_urban,607
TULCEA,2019,barbati_urban,268
VALCEA,2019,barbati_urban,912
VASLUI,2019,barbati_urban,596
VRANCEA,2019,barbati_urban,533
BUCURESTI,2019,barbati_urban,7196
Total TARA,2019,barbati_urban,37882
ALBA,2020,barbati_urban,1082
ARAD,2020,barbati_urban,910
ARGES,2020,barbati_urban,973
BACAU,2020,barbati_urban,1857
BIHOR,2020,barbati_urban,789
BISTRITA-NASAUD,2020,barbati_urban,549
BOTOSANI,2020,barbati_urban,744
BRAILA,2020,barbati_urban,616
BRASOV,2020,barbati_urban,1155
BUZAU,2020,barbati_urban,1187
CALARASI,2020,barbati_urban,526
CARAS-SEVERIN,2020,barbati_urban,914
CLUJ,2020,barbati_urban,1214
CONSTANTA,2020,barbati_urban,1385
COVASNA,2020,barbati_urban,633
DAMBOVITA,2020,barbati_urban,510
DOLJ,2020,barbati_urban,1519
GALATI,2020,barbati_urban,1154
GIURGIU,2020,barbati_urban,253
GORJ,2020,barbati_urban,756
HARGHITA,2020,barbati_urban,877
HUNEDOARA,2020,barbati_urban,1855
IALOMITA,2020,barbati_urban,678
IASI,2020,barbati_urban,812
ILFOV,2020,barbati_urban,105
MARAMURES,2020,barbati_urban,1604
MEHEDINTI,2020,barbati_urban,847
MURES,2020,barbati_urban,777
NEAMT,2020,barbati_urban,782
OLT,2020,barbati_urban,973
PRAHOVA,2020,barbati_urban,1498
SALAJ,2020,barbati_urban,546
SATU MARE,2020,barbati_urban,537
SIBIU,2020,barbati_urban,1078
SUCEAVA,2020,barbati_urban,1765
TELEORMAN,2020,barbati_urban,969
TIMIS,2020,barbati_urban,807
TULCEA,2020,barbati_urban,382
VALCEA,2020,barbati_urban,1017
VASLUI,2020,barbati_urban,628
VRANCEA,2020,barbati_urban,560
BUCURESTI,2020,barbati_urban,7123
Total TARA,2020,barbati_urban,44946
ALBA,2024,barbati_urban,722
ARAD,2024,barbati_urban,471
ARGES,2024,barbati_urban,432
BACAU,2024,barbati_urban,773
BIHOR,2024,barbati_urban,453
BISTRITA-NASAUD,2024,barbati_urban,610
BOTOSANI,2024,barbati_urban,559
BRAILA,2024,barbati_urban,506
BRASOV,2024,barbati_urban,727
BUZAU,2024,barbati_urban,524
CALARASI,2024,barbati_urban,466
CARAS-SEVERIN,2024,barbati_urban,589
CLUJ,2024,barbati_urban,669
CONSTANTA,2024,barbati_urban,634
COVASNA,2024,barbati_urban,461
DAMBOVITA,2024,barbati_urban,344
DOLJ,2024,barbati_urban,1110
GALATI,2024,barbati_urban,598
GIURGIU,2024,barbati_urban,139
GORJ,2024,barbati_urban,478
HARGHITA,2024,barbati_urban,712
HUNEDOARA,2024,barbati_urban,1995
IALOMITA,2024,barbati_urban,458
IASI,2024,barbati_urban,593
ILFOV,2024,barbati_urban,74
MARAMURES,2024,barbati_urban,789
MEHEDINTI,2024,barbati_urban,483
MURES,2024,barbati_urban,845
NEAMT,2024,barbati_urban,587
OLT,2024,barbati_urban,480
PRAHOVA,2024,barbati_urban,746
SALAJ,2024,barbati_urban,330
SATU MARE,2024,barbati_urban,519
SIBIU,2024,barbati_urban,609
SUCEAVA,2024,barbati_urban,1438
TELEORMAN,2024,barbati_urban,782
TIMIS,2024,barbati_urban,598
TULCEA,2024,barbati_urban,261
VALCEA,2024,barbati_urban,468
VASLUI,2024,barbati_urban,582
VRANCEA,2024,barbati_urban,203
BUCURESTI,2024,barbati_urban,4293
Total TARA,2024,barbati_urban,29110
ALBA,2019,total_rural,3087
ARAD,2019,total_rural,1790
ARGES,2019,total_rural,6342
BACAU,2019,total_rural,8533
BIHOR,2019,total_rural,2268
BISTRITA-NASAUD,2019,total_rural,2179
BOTOSANI,2019,total_rural,2517
BRAILA,2019,total_rural,3342
BRASOV,2019,total_rural,3936
BUZAU,2019,total_rural,9528
CALARASI,2019,total_rural,2576
CARAS-SEVERIN,2019,total_rural,1955
CLUJ,2019,total_rural,2580
CONSTANTA,2019,total_rural,2884
COVASNA,2019,total_rural,1867
DAMBOVITA,2019,total_rural,5709
DOLJ,2019,total_rural,15612
GALATI,2019,total_rural,9018
GIURGIU,2019,total_rural,1332
GORJ,2019,total_rural,3301
HARGHITA,2019,total_rural,3517
HUNEDOARA,2019,total_rural,1908
IALOMITA,2019,total_rural,3110
IASI,2019,total_rural,7080
ILFOV,2019,total_rural,662
MARAMURES,2019,total_rural,3182
MEHEDINTI,2019,total_rural,5137
MURES,2019,total_rural,4786
NEAMT,2019,total_rural,6429
OLT,2019,total_rural,6950
PRAHOVA,2019,total_rural,4317
SALAJ,2019,total_rural,3485
SATU MARE,2019,total_rural,2714
SIBIU,2019,total_rural,2169
SUCEAVA,2019,total_rural,8362
TELEORMAN,2019,total_rural,7561
TIMIS,2019,total_rural,1508
TULCEA,2019,total_rural,1885
VALCEA,2019,total_rural,3271
VASLUI,2019,total_rural,9272
VRANCEA,2019,total_rural,4258
BUCURESTI,2019,total_rural,0
Total TARA,2019,total_rural,181919
ALBA,2020,total_rural,3354
ARAD,2020,total_rural,2373
ARGES,2020,total_rural,7727
BACAU,2020,total_rural,8099
BIHOR,2020,total_rural,3104
BISTRITA-NASAUD,2020,total_rural,2397
BOTOSANI,2020,total_rural,2410
BRAILA,2020,total_rural,3294
BRASOV,2020,total_rural,3758
BUZAU,2020,total_rural,9828
CALARASI,2020,total_rural,2605
CARAS-SEVERIN,2020,total_rural,2135
CLUJ,2020,total_rural,3108
CONSTANTA,2020,total_rural,3356
COVASNA,2020,total_rural,2455
DAMBOVITA,2020,total_rural,5014
DOLJ,2020,total_rural,15582
GALATI,2020,total_rural,9030
GIURGIU,2020,total_rural,1597
GORJ,2020,total_rural,3333
HARGHITA,2020,total_rural,3818
HUNEDOARA,2020,total_rural,1837
IALOMITA,2020,total_rural,2912
IASI,2020,total_rural,7212
ILFOV,2020,total_rural,599
MARAMURES,2020,total_rural,2020
MEHEDINTI,2020,total_rural,4836
MURES,2020,total_rural,4285
NEAMT,2020,total_rural,6141
OLT,2020,total_rural,6979
PRAHOVA,2020,total_rural,5383
SALAJ,2020,total_rural,3805
SATU MARE,2020,total_rural,3749
SIBIU,2020,total_rural,2852
SUCEAVA,2020,total_rural,7840
TELEORMAN,2020,total_rural,6681
TIMIS,2020,total_rural,1800
TULCEA,2020,total_rural,1871
VALCEA,2020,total_rural,3673
VASLUI,2020,total_rural,6372
VRANCEA,2020,total_rural,4227
BUCURESTI,2020,total_rural,0
Total TARA,2020,total_rural,183451
ALBA,2024,total_rural,3463
ARAD,2024,total_rural,2037
ARGES,2024,total_rural,7020
BACAU,2024,total_rural,3869
BIHOR,2024,total_rural,3556
BISTRITA-NASAUD,2024,total_rural,3063
BOTOSANI,2024,total_rural,3312
BRAILA,2024,total_rural,3575
BRASOV,2024,total_rural,4884
BUZAU,2024,total_rural,5859
CALARASI,2024,total_rural,3227
CARAS-SEVERIN,2024,total_rural,1685
CLUJ,2024,total_rural,2940
CONSTANTA,2024,total_rural,2599
COVASNA,2024,total_rural,2563
DAMBOVITA,2024,total_rural,4414
DOLJ,2024,total_rural,16475
GALATI,2024,total_rural,8031
GIURGIU,2024,total_rural,1552
GORJ,2024,total_rural,3027
HARGHITA,2024,total_rural,3918
HUNEDOARA,2024,total_rural,2652
IALOMITA,2024,total_rural,3336
IASI,2024,total_rural,8723
ILFOV,2024,total_rural,705
MARAMURES,2024,total_rural,2361
MEHEDINTI,2024,total_rural,5627
MURES,2024,total_rural,4932
NEAMT,2024,total_rural,6620
OLT,2024,total_rural,6143
PRAHOVA,2024,total_rural,4592
SALAJ,2024,total_rural,4271
SATU MARE,2024,total_rural,4706
SIBIU,2024,total_rural,3833
SUCEAVA,2024,total_rural,9150
TELEORMAN,2024,total_rural,8363
TIMIS,2024,total_rural,1924
TULCEA,2024,total_rural,1914
VALCEA,2024,total_rural,1382
VASLUI,2024,total_rural,8452
VRANCEA,2024,total_rural,1978
BUCURESTI,2024,total_rural,0
Total TARA,2024,total_rural,182733
ALBA,2019,femei_rural,1286
ARAD,2019,femei_rural,890
ARGES,2019,femei_rural,2900
BACAU,2019,femei_rural,3487
BIHOR,2019,femei_rural,1108
BISTRITA-NASAUD,2019,femei_rural,1071
BOTOSANI,2019,femei_rural,1112
BRAILA,2019,femei_rural,1302
BRASOV,2019,femei_rural,1676
BUZAU,2019,femei_rural,3742
CALARASI,2019,femei_rural,1231
CARAS-SEVERIN,2019,femei_rural,881
CLUJ,2019,femei_rural,1171
CONSTANTA,2019,femei_rural,1349
COVASNA,2019,femei_rural,825
DAMBOVITA,2019,femei_rural,2662
DOLJ,2019,femei_rural,6198
GALATI,2019,femei_rural,3719
GIURGIU,2019,femei_rural,735
GORJ,2019,femei_rural,1478
HARGHITA,2019,femei_rural,1494
HUNEDOARA,2019,femei_rural,937
IALOMITA,2019,femei_rural,1387
IASI,2019,femei_rural,3059
ILFOV,2019,femei_rural,362
MARAMURES,2019,femei_rural,1545
MEHEDINTI,2019,femei_rural,2040
MURES,2019,femei_rural,2029
NEAMT,2019,femei_rural,2757
OLT,2019,femei_rural,2830
PRAHOVA,2019,femei_rural,2019
SALAJ,2019,femei_rural,1384
SATU MARE,2019,femei_rural,1184
SIBIU,2019,femei_rural,1014
SUCEAVA,2019,femei_rural,3560
TELEORMAN,2019,femei_rural,3030
TIMIS,2019,femei_rural,806
TULCEA,2019,femei_rural,900
VALCEA,2019,femei_rural,1502
VASLUI,2019,femei_rural,3629
VRANCEA,2019,femei_rural,1829
BUCURESTI,2019,femei_rural,0
Total TARA,2019,femei_rural,78120
ALBA,2020,femei_rural,1500
ARAD,2020,femei_rural,1311
ARGES,2020,femei_rural,3787
BACAU,2020,femei_rural,3627
BIHOR,2020,femei_rural,1801
BISTRITA-NASAUD,2020,femei_rural,1257
BOTOSANI,2020,femei_rural,1114
BRAILA,2020,femei_rural,1290
BRASOV,2020,femei_rural,1630
BUZAU,2020,femei_rural,3925
CALARASI,2020,femei_rural,1321
CARAS-SEVERIN,2020,femei_rural,951
CLUJ,2020,femei_rural,1622
CONSTANTA,2020,femei_rural,1625
COVASNA,2020,femei_rural,1171
DAMBOVITA,2020,femei_rural,2341
DOLJ,2020,femei_rural,6357
GALATI,2020,femei_rural,3731
GIURGIU,2020,femei_rural,837
GORJ,2020,femei_rural,1509
HARGHITA,2020,femei_rural,1774
HUNEDOARA,2020,femei_rural,952
IALOMITA,2020,femei_rural,1288
IASI,2020,femei_rural,3291
ILFOV,2020,femei_rural,343
MARAMURES,2020,femei_rural,930
MEHEDINTI,2020,femei_rural,2038
MURES,2020,femei_rural,1982
NEAMT,2020,femei_rural,2789
OLT,2020,femei_rural,2938
PRAHOVA,2020,femei_rural,2752
SALAJ,2020,femei_rural,1595
SATU MARE,2020,femei_rural,1700
SIBIU,2020,femei_rural,1341
SUCEAVA,2020,femei_rural,3573
TELEORMAN,2020,femei_rural,2818
TIMIS,2020,femei_rural,967
TULCEA,2020,femei_rural,884
VALCEA,2020,femei_rural,1758
VASLUI,2020,femei_rural,2585
VRANCEA,2020,femei_rural,1813
BUCURESTI,2020,femei_rural,0
Total TARA,2020,femei_rural,82818
ALBA,2024,femei_rural,1626
ARAD,2024,femei_rural,1004
ARGES,2024,femei_rural,3114
BACAU,2024,femei_rural,1600
BIHOR,2024,femei_rural,1672
BISTRITA-NASAUD,2024,femei_rural,1443
BOTOSANI,2024,femei_rural,1392
BRAILA,2024,femei_rural,1394
BRASOV,2024,femei_rural,2047
BUZAU,2024,femei_rural,2377
CALARASI,2024,femei_rural,1425
CARAS-SEVERIN,2024,femei_rural,702
CLUJ,2024,femei_rural,1281
CONSTANTA,2024,femei_rural,1230
COVASNA,2024,femei_rural,1076
DAMBOVITA,2024,femei_rural,2081
DOLJ,2024,femei_rural,7286
GALATI,2024,femei_rural,3163
GIURGIU,2024,femei_rural,758
GORJ,2024,femei_rural,1406
HARGHITA,2024,femei_rural,1786
HUNEDOARA,2024,femei_rural,1396
IALOMITA,2024,femei_rural,1551
IASI,2024,femei_rural,3759
ILFOV,2024,femei_rural,441
MARAMURES,2024,femei_rural,1117
MEHEDINTI,2024,femei_rural,2314
MURES,2024,femei_rural,2130
NEAMT,2024,femei_rural,2716
OLT,2024,femei_rural,2504
PRAHOVA,2024,femei_rural,2192
SALAJ,2024,femei_rural,1750
SATU MARE,2024,femei_rural,2146
SIBIU,2024,femei_rural,1732
SUCEAVA,2024,femei_rural,3787
TELEORMAN,2024,femei_rural,3275
TIMIS,2024,femei_rural,1033
TULCEA,2024,femei_rural,893
VALCEA,2024,femei_rural,732
VASLUI,2024,femei_rural,3388
VRANCEA,2024,femei_rural,946
BUCURESTI,2024,femei_rural,0
Total TARA,2024,femei_rural,79665
ALBA,2019,barbati_rural,1801
ARAD,2019,barbati_rural,900
ARGES,2019,barbati_rural,3442
BACAU,2019,barbati_rural,5046
BIHOR,2019,barbati_rural,1160
BISTRITA-NASAUD,2019,barbati_rural,1108
BOTOSANI,2019,barbati_rural,1405
BRAILA,2019,barbati_rural,2040
BRASOV,2019,barbati_rural,2260
BUZAU,2019,barbati_rural,5786
CALARASI,2019,barbati_rural,1345
CARAS-SEVERIN,2019,barbati_rural,1074
CLUJ,2019,barbati_rural,1409
CONSTANTA,2019,barbati_rural,1535
COVASNA,2019,barbati_rural,1042
DAMBOVITA,2019,barbati_rural,3047
DOLJ,2019,barbati_rural,9414
GALATI,2019,barbati_rural,5299
GIURGIU,2019,barbati_rural,597
GORJ,2019,barbati_rural,1823
HARGHITA,2019,barbati_rural,2023
HUNEDOARA,2019,barbati_rural,971
IALOMITA,2019,barbati_rural,1723
IASI,2019,barbati_rural,4021
ILFOV,2019,barbati_rural,300
MARAMURES,2019,barbati_rural,1637
MEHEDINTI,2019,barbati_rural,3097
MURES,2019,barbati_rural,2757
NEAMT,2019,barbati_rural,3672
OLT,2019,barbati_rural,4120
PRAHOVA,2019,barbati_rural,2298
SALAJ,2019,barbati_rural,2101
SATU MARE,2019,barbati_rural,1530
SIBIU,2019,barbati_rural,1155
SUCEAVA,2019,barbati_rural,4802
TELEORMAN,2019,barbati_rural,4531
TIMIS,2019,barbati_rural,702
TULCEA,2019,barbati_rural,985
VALCEA,2019,barbati_rural,1769
VASLUI,2019,barbati_rural,5643
VRANCEA,2019,barbati_rural,2429
BUCURESTI,2019,barbati_rural,0
Total TARA,2019,barbati_rural,103799
ALBA,2020,barbati_rural,1854
ARAD,2020,barbati_rural,1062
ARGES,2020,barbati_rural,3940
BACAU,2020,barbati_rural,4472
BIHOR,2020,barbati_rural,1303
BISTRITA-NASAUD,2020,barbati_rural,1140
BOTOSANI,2020,barbati_rural,1296
BRAILA,2020,barbati_rural,2004
BRASOV,2020,barbati_rural,2128
BUZAU,2020,barbati_rural,5903
CALARASI,2020,barbati_rural,1284
CARAS-SEVERIN,2020,barbati_rural,1184
CLUJ,2020,barbati_rural,1486
CONSTANTA,2020,barbati_rural,1731
COVASNA,2020,barbati_rural,1284
DAMBOVITA,2020,barbati_rural,2673
DOLJ,2020,barbati_rural,9225
GALATI,2020,barbati_rural,5299
GIURGIU,2020,barbati_rural,760
GORJ,2020,barbati_rural,1824
HARGHITA,2020,barbati_rural,2044
HUNEDOARA,2020,barbati_rural,885
IALOMITA,2020,barbati_rural,1624
IASI,2020,barbati_rural,3921
ILFOV,2020,barbati_rural,256
MARAMURES,2020,barbati_rural,1090
MEHEDINTI,2020,barbati_rural,2798
MURES,2020,barbati_rural,2303
NEAMT,2020,barbati_rural,3352
OLT,2020,barbati_rural,4041
PRAHOVA,2020,barbati_rural,2631
SALAJ,2020,barbati_rural,2210
SATU MARE,2020,barbati_rural,2049
SIBIU,2020,barbati_rural,1511
SUCEAVA,2020,barbati_rural,4267
TELEORMAN,2020,barbati_rural,3863
TIMIS,2020,barbati_rural,833
TULCEA,2020,barbati_rural,987
VALCEA,2020,barbati_rural,1915
VASLUI,2020,barbati_rural,3787
VRANCEA,2020,barbati_rural,2414
BUCURESTI,2020,barbati_rural,0
Total TARA,2020,barbati_rural,100633
ALBA,2024,barbati_rural,1837
ARAD,2024,barbati_rural,1033
ARGES,2024,barbati_rural,3906
BACAU,2024,barbati_rural,2269
BIHOR,2024,barbati_rural,1884
BISTRITA-NASAUD,2024,barbati_rural,1620
BOTOSANI,2024,barbati_rural,1920
BRAILA,2024,barbati_rural,2181
BRASOV,2024,barbati_rural,2837
BUZAU,2024,barbati_rural,3482
CALARASI,2024,barbati_rural,1802
CARAS-SEVERIN,2024,barbati_rural,983
CLUJ,2024,barbati_rural,1659
CONSTANTA,2024,barbati_rural,1369
COVASNA,2024,barbati_rural,1487
DAMBOVITA,2024,barbati_rural,2333
DOLJ,2024,barbati_rural,9189
GALATI,2024,barbati_rural,4868
GIURGIU,2024,barbati_rural,794
GORJ,2024,barbati_rural,1621
HARGHITA,2024,barbati_rural,2132
HUNEDOARA,2024,barbati_rural,1256
IALOMITA,2024,barbati_rural,1785
IASI,2024,barbati_rural,4964
ILFOV,2024,barbati_rural,264
MARAMURES,2024,barbati_rural,1244
MEHEDINTI,2024,barbati_rural,3313
MURES,2024,barbati_rural,2802
NEAMT,2024,barbati_rural,3904
OLT,2024,barbati_rural,3639
PRAHOVA,2024,barbati_rural,2400
SALAJ,2024,barbati_rural,2521
SATU MARE,2024,barbati_rural,2560
SIBIU,2024,barbati_rural,2101
SUCEAVA,2024,barbati_rural,5363
TELEORMAN,2024,barbati_rural,5088
TIMIS,2024,barbati_rural,891
TULCEA,2024,barbati_rural,1021
VALCEA,2024,barbati_rural,650
VASLUI,2024,barbati_rural,5064
VRANCEA,2024,barbati_rural,1032
BUCURESTI,2024,barbati_rural,0
Total TARA,2024,barbati_rural,103068
